{
  "accepted": false,
  "reason": "A_mean -0.8, U90 +1.7 — below bar",
  "a_mean_ref": 0.5375,
  "a_mean_new": 0.5291666666666667,
  "u90_ref": 0.23166666666666666,
  "u90_new": 0.24833333333333335
}