{
  "accepted": true,
  "reason": "A_mean +1.7 pts",
  "a_mean_ref": 0.5375,
  "a_mean_new": 0.5541666666666667,
  "u90_ref": 0.23166666666666666,
  "u90_new": 0.23166666666666666
}