{
  "accepted": false,
  "reason": "A_mean -5.0, U90 +6.0 — below bar",
  "a_mean_ref": 0.5541666666666667,
  "a_mean_new": 0.5041666666666667,
  "u90_ref": 0.23166666666666666,
  "u90_new": 0.2916666666666667
}