{
  "accepted": false,
  "reason": "A_mean -1.7, U90 -2.3 — below bar",
  "a_mean_ref": 0.5375,
  "a_mean_new": 0.5208333333333334,
  "u90_ref": 0.23166666666666666,
  "u90_new": 0.20833333333333334
}