{
  "accepted": false,
  "reason": "A_mean -2.1, U90 +11.2 — below bar",
  "a_mean_ref": 0.5375,
  "a_mean_new": 0.5166666666666667,
  "u90_ref": 0.23166666666666666,
  "u90_new": 0.3433333333333334
}